{"cameraMode":{"drawMode":0,"name":"Shaded","section":"Shading Mode"},"sceneLighting":true,"audioPlay":false,"sceneViewState":{"m_AlwaysRefresh":false,"showFog":true,"showSkybox":true,"showFlares":true,"showImageEffects":true,"showParticleSystems":true,"showVisualEffectGraphs":true,"m_FxEnabled":true},"in2DMode":false,"pivot":{"x":-124.6365737915039,"y":17.58171844482422,"z":147.64053344726563},"rotation":{"x":-0.003170869080349803,"y":0.9691870808601379,"z":-0.24624085426330567,"w":-0.012389236129820347},"size":10.313706398010254,"orthographic":false}